<!--
  ~ Copyright 2017 BNY Mellon.
  ~
  ~ Licensed under the Apache License, Version 2.0 (the "License");
  ~ you may not use this file except in compliance with the License.
  ~ You may obtain a copy of the License at
  ~
  ~     http://www.apache.org/licenses/LICENSE-2.0
  ~
  ~ Unless required by applicable law or agreed to in writing, software
  ~ distributed under the License is distributed on an "AS IS" BASIS,
  ~ WITHOUT WARRANTIES OR CONDITIONS OF ANY KIND, either express or implied.
  ~ See the License for the specific language governing permissions and
  ~ limitations under the License.
  -->

<beans xmlns="http://www.springframework.org/schema/beans"
       xmlns:xsi="http://www.w3.org/2001/XMLSchema-instance"
       xsi:schemaLocation="http://www.springframework.org/schema/beans
	http://www.springframework.org/schema/beans/spring-beans-4.0.xsd">

    <!-- Define a "cyan cylinder" shape (indexed constructor arguments) -->
    <bean id="cyanCylinderBean" class="bnymellon.training.spring.framework.model.ColoredShape">

        <!-- note the "index" attribute -->
        <constructor-arg index="0" value="cyan"/>
        <constructor-arg index="1" value="cylinder"/>
    </bean>

    <!-- INJECT the bean into the ColoredShapeHolder -->
    <bean id="coloredShapeHolder" class="bnymellon.training.spring.framework.model.ColoredShapeHolder">

        <constructor-arg index="0" ref="cyanCylinderBean"/>

        <constructor-arg index="1" value="7"/>
    </bean>

</beans>