
<!--
  ~ Copyright 2017 BNY Mellon.
  ~
  ~ Licensed under the Apache License, Version 2.0 (the "License");
  ~ you may not use this file except in compliance with the License.
  ~ You may obtain a copy of the License at
  ~
  ~     http://www.apache.org/licenses/LICENSE-2.0
  ~
  ~ Unless required by applicable law or agreed to in writing, software
  ~ distributed under the License is distributed on an "AS IS" BASIS,
  ~ WITHOUT WARRANTIES OR CONDITIONS OF ANY KIND, either express or implied.
  ~ See the License for the specific language governing permissions and
  ~ limitations under the License.
  -->

<!-- Notice the new namespace and schema location -->

<beans xmlns="http://www.springframework.org/schema/beans"
       xmlns:xsi="http://www.w3.org/2001/XMLSchema-instance"
       xmlns:context="http://www.springframework.org/schema/context"
       xsi:schemaLocation="http://www.springframework.org/schema/beans
            http://www.springframework.org/schema/beans/spring-beans.xsd
            http://www.springframework.org/schema/context
            http://www.springframework.org/schema/context/spring-context.xsd">

    <!-- new content below to "hint" at available annotations -->
    <context:annotation-config/>



    <!-- Define a "red rhombus" shape -->
    <bean id="redRhombusBean" class="bnymellon.training.spring.framework.model.ColoredShape">

        <!-- note the "property" entity -->
        <property name="color" value="red"/>
        <property name="type" value="rhombus"/>
    </bean>

    <!-- INJECT the bean into the ColoredShapeHolder -->
    <bean id="setterAnnotatedColoredShapeHolder" class="bnymellon.training.spring.framework.model.SetterAnnotatedColoredShapeHolder">

        <!-- Notice the lack of referring to the ColoredShape in this bean -->

        <property name="quantity" value="11"/>

    </bean>

</beans>