<!--
  ~ Copyright 2017 BNY Mellon.
  ~
  ~ Licensed under the Apache License, Version 2.0 (the "License");
  ~ you may not use this file except in compliance with the License.
  ~ You may obtain a copy of the License at
  ~
  ~     http://www.apache.org/licenses/LICENSE-2.0
  ~
  ~ Unless required by applicable law or agreed to in writing, software
  ~ distributed under the License is distributed on an "AS IS" BASIS,
  ~ WITHOUT WARRANTIES OR CONDITIONS OF ANY KIND, either express or implied.
  ~ See the License for the specific language governing permissions and
  ~ limitations under the License.
  -->

<beans xmlns="http://www.springframework.org/schema/beans"
       xmlns:xsi="http://www.w3.org/2001/XMLSchema-instance"
       xmlns:context="http://www.springframework.org/schema/context"
       xmlns:jdbc="http://www.springframework.org/schema/jdbc"
       xsi:schemaLocation="http://www.springframework.org/schema/beans
            http://www.springframework.org/schema/beans/spring-beans.xsd
            http://www.springframework.org/schema/jdbc
            http://www.springframework.org/schema/jdbc/spring-jdbc-4.3.xsd
            http://www.springframework.org/schema/context
            http://www.springframework.org/schema/context/spring-context.xsd">

    <!-- "hint" at available annotations -->
    <context:annotation-config/>
    <context:component-scan base-package="bnymellon.training.spring.framework"/>

    <jdbc:embedded-database id="dataSource" type="H2">
        <jdbc:script location="classpath:db/sql/create-tables.sql" />
        <jdbc:script location="classpath:db/sql/insert-data.sql" />
    </jdbc:embedded-database>

    <bean id="coloredShapeDao" class="bnymellon.training.spring.framework.dao.ColoredShapeDaoImplEx01" >
        <constructor-arg ref="dataSource" />
    </bean>

</beans>