<?xml version="1.0" encoding="UTF-8"?>
<!--
  ~ Copyright 2017 BNY Mellon.
  ~
  ~ Licensed under the Apache License, Version 2.0 (the "License");
  ~ you may not use this file except in compliance with the License.
  ~ You may obtain a copy of the License at
  ~
  ~     http://www.apache.org/licenses/LICENSE-2.0
  ~
  ~ Unless required by applicable law or agreed to in writing, software
  ~ distributed under the License is distributed on an "AS IS" BASIS,
  ~ WITHOUT WARRANTIES OR CONDITIONS OF ANY KIND, either express or implied.
  ~ See the License for the specific language governing permissions and
  ~ limitations under the License.
  -->

<configuration>
    <appender name="consoleAppender" class="ch.qos.logback.core.ConsoleAppender">
        <layout class="ch.qos.logback.classic.PatternLayout">
            <Pattern>%date{ISO8601} [%thread] %-5level %logger{36} - %msg %n
            </Pattern>
        </layout>
        <filter class="ch.qos.logback.classic.filter.ThresholdFilter">
            <level>TRACE</level>
        </filter>
    </appender>


    <logger name="bnymellon.training.spring" additivity="false">
        <level value="DEBUG" />
        <appender-ref ref="consoleAppender" />
    </logger>

    <root>
        <level value="INFO" />
        <appender-ref ref="consoleAppender" />
    </root>
</configuration>